-- Active: 1726625549186@@localhost@3306@eva25010
USE eva25010;

INSERT INTO categoria (id, nombre) VALUES
('ADF', 'Adecuación Funcional'),
('EFD', 'Eficiencia de Desempeño'),
('COP', 'Compatibilidad'),
('CDI', 'Capacidad de Interacción  '),
('FIA', 'Fiabilidad'),
('SEG', 'Seguridad'),
('MNT', 'Mantenibilidad'),
('FLE', 'Flexibilidad'),
('PRO', 'Protección');

INSERT INTO subcategoria (id, `categoriaId` ,nombre) VALUES 
('ADF1', 'ADF', 'Completitud Funcional'),
('ADF2', 'ADF', 'Corrección Funcional'),
('ADF3', 'ADF', 'Pertinencia Funcional'),
('EFD1', 'EFD', 'Comportamiento Temporal'),
('EFD2', 'EFD', 'Utilización de Recursos'),
('EFD3', 'EFD', 'Capacidad'),
('COP1', 'COP', 'Coexistencia'),
('COP2', 'COP', 'Interoperabilidad'),
('CDI1', 'CDI', 'Reconocibilidad de la Adecuación'),
('CDI2', 'CDI', 'Aprendizaje'),
('CDI3', 'CDI', 'Operabilidad'),
('CDI4', 'CDI', 'Protección Contra Errores de Usuario'),
('CDI5', 'CDI', 'Involucración del Usuario'),
('CDI6', 'CDI', 'Inclusividad'),
('CDI7', 'CDI', 'Asistencia al Usuario'),
('CDI8', 'CDI', 'Auto-Descriptividad'),
('FIA1', 'FIA', 'Ausencia de fallos'),
('FIA2', 'FIA', 'Disponibilidad'),
('FIA3', 'FIA', 'Tolerancia a Fallos'),
('FIA4', 'FIA', 'Capacidad de Recuperación'),
('SEG1', 'SEG', 'Confidencialidad'),
('SEG2', 'SEG', 'Integridad'),
('SEG3', 'SEG', 'No Repudio'),
('SEG4', 'SEG', 'Responsabilidad'),
('SEG5', 'SEG', 'Autenticidad'),
('SEG6', 'SEG', 'Resistencia'),
('MNT1', 'MNT', 'Modularidad'),
('MNT2', 'MNT', 'Reusabilidad'),
('MNT3', 'MNT', 'Analizabilidad'),
('MNT4', 'MNT', 'Capacidad para ser Modificado'),
('MNT5', 'MNT', 'Capacidad para ser Provado'),
('FLE1', 'FLE', 'Adaptabilidad'),
('FLE2', 'FLE', 'Escalabilidad'),
('FLE3', 'FLE', 'Instalabilidad'),
('FLE4', 'FLE', 'Reemplazabilidad'),
('PRO1', 'PRO', 'Restricción Operativa'),
('PRO2', 'PRO', 'Identificación de Riesgos'),
('PRO3', 'PRO', 'Protección ante Fallos'),
('PRO4', 'PRO', 'Advertencia de Peligro'),
('PRO5', 'PRO', 'Integración Segura');
/* listo pa */

INSERT INTO pregunta (`subcategoriaId`, descripcion) VALUES
('ADF1', '¿El software incluye todas las funcionalidades necesarias para que el usuario logre sus objetivos sin recurrir a soluciones externas?'),
('ADF1','¿Están todas las funciones del sistema alineadas con los requisitos especificados por el usuario?'),
('ADF2','¿Hay discrepancias entre los resultados esperados y los obtenidos durante la ejecución de ciertas funciones?'),
('ADF2','¿El software produce resultados exactos en cada una de las funciones cuando es usado según las especificaciones?'),
('ADF3','¿El software incluye funciones que no son relevantes o que añaden complejidad innecesaria al proceso del usuario?'),
('ADF3','¿El conjunto de funciones ofrecido facilita la realización de las tareas clave del usuario, reduciendo la necesidad de procesos manuales o adicionales?'),
('EFD1','¿El sistema responde dentro de los tiempos especificados para todas las funciones críticas?'),
('EFD1','¿El software mantiene un rendimiento consistente cuando se ejecutan varias funciones simultáneamente?'),
('EFD1','¿Se experimentan retrasos o cuellos de botella en el procesamiento de tareas en condiciones de alta demanda?'),
('EFD2','¿El sistema utiliza una cantidad de memoria y CPU dentro de los parámetros especificados durante su funcionamiento normal?'),
('EFD2','¿El sistema optimiza el uso de recursos como energía y almacenamiento, según las necesidades especificadas?'),
('EFD3','¿El sistema mantiene un desempeño adecuado cuando se alcanza el límite de capacidad de red o ancho de banda?'),
('EFD3','¿Se observan disminuciones de rendimiento cuando el sistema se acerca a los límites máximos de capacidad especificados?'),
('COP1','¿El software puede ejecutarse junto a otros sistemas sin interferir en su funcionamiento ni consumir excesivos recursos?'),
('COP1','¿Existen conflictos o incompatibilidades cuando el producto se ejecuta en un entorno con múltiples aplicaciones?'),
('COP1','¿El sistema puede compartir eficientemente recursos como memoria, CPU y almacenamiento con otras aplicaciones en el mismo entorno?'),
('COP2','¿El sistema puede intercambiar datos con otros sistemas o aplicaciones de manera precisa y sin pérdida de información?'),
('COP2','¿El software es capaz de interpretar y utilizar correctamente los datos proporcionados por otros sistemas con los que interactúa?'),
('CDI1','¿El usuario puede identificar rápidamente si el software satisface sus necesidades?'),
('CDI1','¿La interfaz facilita al usuario determinar si las funciones disponibles son relevantes para sus objetivos?'),
('CDI2','¿El software ofrece guías o tutoriales que facilitan el aprendizaje de sus funciones principales?'),
('CDI2','¿El diseño de la interfaz permite al usuario descubrir nuevas funciones sin esfuerzo adicional?'),
('CDI3','¿El usuario puede operar y controlar el software sin necesidad de instrucciones detalladas o asistencia frecuente?'),
('CDI3','¿La navegación dentro del sistema es intuitiva y facilita el control de todas las funcionalidades?'),
('CDI4','¿El sistema previene activamente los errores comunes del usuario mediante advertencias o validaciones?'),
('CDI4','¿El producto permite deshacer acciones fácilmente en caso de errores, sin perder información importante?'),
('CDI5','¿El diseño de la interfaz es atractivo y fomenta la interacción continua con el sistema?'),
('CDI5','¿La presentación de la información es clara y mantiene el interés del usuario durante su uso?'),
('CDI6','¿El producto se adapta bien a usuarios de diferentes contextos culturales y lingüísticos?'),
('CDI6','¿El software incluye características de accesibilidad para personas con discapacidades, como opciones de texto a voz o ajustes de color?'),
('CDI6','¿El sistema es accesible y usable por personas con diferentes niveles de habilidad y experiencia técnica?'),
('CDI7','¿El software incluye una función de ayuda integrada o documentación accesible fácilmente desde la interfaz?'),
('CDI7','¿El sistema proporciona ayudas o recursos que facilitan el logro de los objetivos específicos del usuario?'),
('CDI8','¿Las funciones y comandos del sistema son autoexplicativos y no requieren consulta de manuales o tutoriales?'),
('CDI8','¿El sistema facilita la comprensión inmediata de las opciones disponibles sin sobrecargar al usuario con información innecesaria?'),
('FIA1','¿Existen funciones específicas que experimentan fallos recurrentes en condiciones normales de operación?'),
('FIA1','¿Se han detectado errores críticos o caídas del sistema durante su uso regular?'),
('FIA1','¿El sistema presenta comportamientos inesperados o inestables durante su operación?'),
('FIA2','¿Existen periodos en los que el sistema no es accesible debido a problemas técnicos o mantenimiento inesperado?'),
('FIA2','¿El sistema está disponible para su uso cuando el usuario lo necesita, sin tiempos de inactividad no planificados?'),
('FIA3','¿El sistema puede continuar funcionando correctamente en presencia de fallos menores de hardware o software?'),
('FIA3','¿El sistema responde adecuadamente cuando se producen fallos, permitiendo al usuario continuar sus tareas sin interrupciones mayores?'),
('FIA4','¿El sistema es capaz de restaurar su estado de funcionamiento normal rápidamente después de una interrupción o fallo?'),
('FIA4','¿El sistema notifica adecuadamente al usuario sobre los fallos y guía en los pasos para la recuperación?'),
('FIA4','¿El software puede recuperar datos afectados por un fallo sin pérdida significativa de información?'),
('SEG1','¿El sistema garantiza que solo los usuarios autorizados tienen acceso a los datos sensibles?'),
('SEG1','¿Existen mecanismos para restringir el acceso a diferentes niveles de información según los roles o permisos?'),
('SEG1','¿Se han identificado vulnerabilidades que puedan permitir a usuarios no autorizados acceder a datos confidenciales?'),
('SEG2','¿El sistema asegura que los datos no pueden ser modificados o eliminados por usuarios no autorizados?'),
('SEG2','¿El software previene la manipulación de datos durante su transmisión o almacenamiento por agentes maliciosos?'),
('SEG2','¿El sistema es capaz de garantizar que los datos no se corrompen accidentalmente debido a errores técnicos?'),
('SEG3','¿El sistema puede demostrar de manera verificable las acciones realizadas por los usuarios, evitando que estos nieguen haberlas llevado a cabo?'),
('SEG3','¿El sistema proporciona mecanismos para autenticar y validar la participación de usuarios en acciones o transacciones?'),
('SEG4','¿El sistema permite rastrear con precisión y de manera inequívoca las acciones realizadas por cada usuario?'),
('SEG4','¿El software ofrece un registro claro y detallado de los cambios realizados en el sistema o los datos por diferentes usuarios?'),
('SEG5','¿El sistema verifica de manera confiable la identidad de los usuarios antes de otorgar acceso a funciones o datos sensibles?'),
('SEG5','¿El software utiliza mecanismos robustos de autenticación para asegurar que los usuarios son quienes dicen ser?'),
('SEG6','¿Existen mecanismos para detectar y mitigar ataques maliciosos sin afectar la operación normal del sistema?'),
('SEG6','¿El software es capaz de resistir ataques de denegación de servicio (DoS) u otros intentos de interrupción malintencionada?'),
('MNT1','¿El sistema está diseñado de manera que los cambios en un componente no afecten negativamente a otros componentes?'),
('MNT1','¿La arquitectura del software permite realizar mejoras o correcciones sin generar dependencias innecesarias entre los módulos?'),
('MNT2','¿Los componentes del sistema pueden ser reutilizados en otros proyectos o sistemas sin necesidad de modificaciones significativas?'),
('MNT2','¿El diseño del software facilita la creación de componentes que puedan ser usados en diferentes contextos o sistemas?'),
('MNT3','¿El análisis de errores y su resolución es eficiente, o resulta complicado rastrear la causa raíz de un problema?'),
('MNT3','¿Es fácil evaluar el impacto de un cambio en el sistema antes de implementarlo?'),
('MNT4','¿El sistema puede ser modificado de manera rápida y eficiente sin introducir nuevos defectos?'),
('MNT4','¿Existen procedimientos claros para realizar cambios en el software sin comprometer su estabilidad?'),
('MNT5','¿El sistema permite definir y ejecutar pruebas de manera eficiente para validar que los cambios realizados cumplen con los requisitos?'),
('MNT5','¿Es posible automatizar las pruebas del sistema para asegurar que los cambios no introducen fallos en otras partes del software?'),
('FLE1','¿El sistema puede ser adaptado de forma eficiente para funcionar en diferentes entornos de hardware o software?'),
('FLE1','¿El producto requiere modificaciones significativas para adaptarse a nuevos entornos o puede ajustarse con cambios mínimos?'),
('FLE2','¿El sistema puede manejar un aumento en la carga de trabajo sin degradar su rendimiento?'),
('FLE2','¿Existen limitaciones en la capacidad del sistema para adaptarse a la variabilidad en las demandas de rendimiento o capacidad?'),
('FLE3','¿El sistema puede ser instalado fácilmente en diferentes entornos con un esfuerzo mínimo?'),
('FLE3','¿Existen problemas o complicaciones durante la instalación o desinstalación del software en diferentes plataformas?'),
('FLE4','¿El sistema puede ser utilizado para reemplazar otro software similar sin necesidad de cambios significativos en el entorno?'),
('FLE4','¿La transición de un producto a otro puede hacerse de manera fluida y sin interrumpir las operaciones normales del usuario?'),
('PRO1','¿Existen mecanismos en el producto que restringen su funcionamiento dentro de parámetros seguros para evitar situaciones peligrosas?'),
('PRO1','¿El sistema cuenta con configuraciones de seguridad que garanticen que las operaciones se mantengan en estados controlados durante una situación crítica?'),
('PRO2','¿El sistema es capaz de identificar situaciones o eventos que puedan representar un riesgo para la vida, la propiedad o el medio ambiente?'),
('PRO2','¿El software puede prever y notificar al usuario sobre posibles riesgos derivados de su operación?'),
('PRO3','¿El sistema puede entrar automáticamente en un modo de funcionamiento seguro en caso de fallo o comportamiento inesperado?'),
('PRO3','¿Existen mecanismos para devolver el sistema a un estado seguro tras la detección de un fallo grave?'),
('PRO4','¿El sistema alerta a los usuarios de manera clara y oportuna cuando identifica un riesgo inaceptable durante la operación?'),
('PRO4','¿Las alertas del sistema son comprensibles y guían a los usuarios en la toma de decisiones correctas para evitar peligros?'),
('PRO5','¿El sistema mantiene su seguridad al ser integrado con otros componentes o sistemas, incluso en entornos complejos?'),
('PRO5','¿El proceso de integración con otros productos incluye pruebas de seguridad para garantizar que no se introducen riesgos adicionales?');

-- ======================================================================

INSERT INTO licencia (nombre) VALUES
('Software Libre'),
('Copyleft'),
('GPL'),
('Debian'),
('BSD'),
('Dominio Público'),
('Semi-libre'),
('Freeware'),
('Comercial'),
('Trial');

INSERT INTO tipo_software (nombre) VALUES
('Software de Sistema'),
('Software de Programación'),
('Software de Aplicación');

INSERT INTO subtipo_software (`tipoSoftwareId`, nombre) VALUES
(1, 'Cargador de Programa'),
(1, 'Sistema Operativo'),
(1, 'Controlador'),
(1, 'Herramienta de Diagnóstico'),
(1, 'Servidor'),
(2, 'Editor de Texto'),
(2, 'Compilador'),
(2, 'Intérprete'),
(2, 'Enlazador'),
(2, 'Depurador'),
(2, 'IDE'),
(3, 'Aplicación Ofimática'),
(3, 'Base de Datos'),
(3, 'Videojuego'),
(3, 'Software Empresarial'),
(3, 'Software Educativo'),
(3, 'Software de Gestión');

INSERT INTO profesion (nombre) VALUES
('Ingeniero de Software'),
('Desarrollador de Software'),
('Arquitecto de Software'),
('Administrador de Sistemas'),
('Analista de Sistemas'),
('Ingeniero de Pruebas (QA)'),
('Administrador de Base de Datos'),
('Desarrollador Front-End'),
('Desarrollador Back-End'),
('DevOps Engineer'),
('Ingeniero de Machine Learning'),
('Científico de Datos'),
('Administrador de Redes'),
('Consultor de Software'),
('Ingeniero de Ciberseguridad'),
('Gerente de Proyectos de Software'),
('Especialista en UX/UI'),
('Ingeniero de Automatización');

INSERT INTO tecnologia (nombre) VALUES
('Java'),
('Python'),
('JavaScript'),
('C#'),
('C++'),
('PHP'),
('Ruby'),
('Swift'),
('Kotlin'),
('Objective-C'),
('SQL'),
('NoSQL'),
('HTML'),
('CSS'),
('React'),
('Angular'),
('Vue.js'),
('Node.js'),
('Express.js'),
('Spring'),
('Django'),
('Flask'),
('Laravel'),
('Ruby on Rails'),
('ASP.NET'),
('Unity'),
('Unreal Engine'),
('MySQL'),
('PostgreSQL'),
('MongoDB'),
('SQLite'),
('Firebase'),
('AWS'),
('Azure'),
('Google Cloud'),
('Docker'),
('Kubernetes'),
('Jenkins'),
('Git'),
('GitHub'),
('GitLab'),
('Bitbucket'),
('Jira'),
('Confluence'),
('Slack'),
('Trello'),
('Asana'),
('Zoom'),
('Microsoft Teams'),
('Google Meet'),
('Skype'),
('Discord'),
('WhatsApp'),
('Telegram'),
('Signal'),
('Facebook Messenger'),
('Instagram'),
('Twitter'),
('LinkedIn'),
('YouTube'),
('TikTok'),
('Reddit'),
('Pinterest'),
('Snapchat'),
('Spotify'),
('Apple Music'),
('YouTube Music'),
('Amazon Music'),
('Tidal'),
('Deezer'),
('SoundCloud'),
('Netflix'),
('Amazon Prime Video'),
('HBO Max'),
('Disney+'),
('Hulu'),
('Apple TV+'),
('YouTube Premium'),
('Spotify Premium'),
('Amazon Prime'),
('Google One'),
('iCloud'),
('Dropbox'),
('OneDrive'),
('Google Drive'),
('Microsoft Office 365'),
('G Suite'),
('Adobe Creative Cloud'),
('AutoCAD'),
('SolidWorks'),
('SketchUp'),
('Revit'),
('Blender'),
('Maya'),
('3ds Max'),
('ZBrush'),
('Photoshop'),
('Illustrator'),
('InDesign'),
('Premiere Pro'),
('After Effects'),
('Lightroom'),
('Audition'),
('Acrobat'),
('Dreamweaver'),
('XD'),
('Spark'),
('Rush'),
('InVision'),
('Zeplin'),
('Marvel'),
('Balsamiq'),
('Axure'),
('Sketch'),
('Framer'),
('Principle'),
('Flinto'),
('Origami Studio'),
('InVision Studio'),
('Proto.io'),
('Figma');
